{
  "accuracy": 0.7196652719665272,
  "balanced_accuracy": 0.7203306711503432,
  "macro_f1": 0.7195867262061115,
  "precision": 0.7433628318584071,
  "recall": 0.6885245901639344,
  "mcc": 0.4412180845850076,
  "confusion_matrix": [
    [
      88,
      29
    ],
    [
      38,
      84
    ]
  ],
  "specificity": 0.7521367521367521,
  "pr_auc": 0.7303352220927156,
  "brier": 0.23500186204910278,
  "roc_auc": 0.7253047498949139
}