{
  "accuracy": 0.6108786610878661,
  "balanced_accuracy": 0.6097449908925319,
  "macro_f1": 0.609126879451332,
  "precision": 0.6090225563909775,
  "recall": 0.6639344262295082,
  "mcc": 0.22085579318335835,
  "confusion_matrix": [
    [
      65,
      52
    ],
    [
      41,
      81
    ]
  ],
  "specificity": 0.5555555555555556,
  "pr_auc": 0.6238323234141556,
  "brier": 0.29449549317359924,
  "roc_auc": 0.6305520526832001
}