{
  "accuracy": 0.6108786610878661,
  "balanced_accuracy": 0.6093947036569987,
  "macro_f1": 0.6081345533400329,
  "precision": 0.6058394160583942,
  "recall": 0.680327868852459,
  "mcc": 0.22112546977250414,
  "confusion_matrix": [
    [
      63,
      54
    ],
    [
      39,
      83
    ]
  ],
  "specificity": 0.5384615384615384,
  "pr_auc": 0.6642741793229145,
  "brier": 0.30055925250053406,
  "roc_auc": 0.6317430292840129
}