{
  "accuracy": 0.6652719665271967,
  "balanced_accuracy": 0.6635491102704218,
  "macro_f1": 0.662143059089624,
  "precision": 0.65,
  "recall": 0.7459016393442623,
  "mcc": 0.331947507944672,
  "confusion_matrix": [
    [
      68,
      49
    ],
    [
      31,
      91
    ]
  ],
  "specificity": 0.5811965811965812,
  "pr_auc": 0.7039671989605063,
  "brier": 0.2355254739522934,
  "roc_auc": 0.7011699593666807,
  "epoch": 18,
  "train_loss": 0.27971345908008516
}