{
  "accuracy": 0.6778242677824268,
  "balanced_accuracy": 0.6828499369482977,
  "macro_f1": 0.6604925744857486,
  "precision": 0.8571428571428571,
  "recall": 0.4426229508196721,
  "mcc": 0.4149263810269219,
  "confusion_matrix": [
    [
      108,
      9
    ],
    [
      68,
      54
    ]
  ],
  "specificity": 0.9230769230769231,
  "pr_auc": 0.7611560274455317,
  "brier": 0.279986172914505,
  "roc_auc": 0.7453411797674093
}