{
  "accuracy": 0.698744769874477,
  "balanced_accuracy": 0.7022908785203867,
  "macro_f1": 0.6913473956091261,
  "precision": 0.8125,
  "recall": 0.5327868852459017,
  "mcc": 0.42858363770160407,
  "confusion_matrix": [
    [
      102,
      15
    ],
    [
      57,
      65
    ]
  ],
  "specificity": 0.8717948717948718,
  "pr_auc": 0.7581764235033734,
  "brier": 0.24126380681991577,
  "roc_auc": 0.7384755499509598
}