experiment_group,display_name,accuracy_mean,accuracy_std,balanced_accuracy_mean,balanced_accuracy_std,macro_f1_mean,macro_f1_std,precision_mean,precision_std,recall_mean,recall_std,specificity_mean,specificity_std,roc_auc_mean,roc_auc_std,val_samples_mean,val_samples_std
teacher_xray_all,Teacher-only X-ray (all patients),0.6935483870967742,0.0339349114796978,0.6408702476456226,0.051706505688315925,0.633995908293127,0.07289155296176579,0.6958605152510825,0.037141171432390006,0.8882978723404256,0.05247747725868351,0.39344262295081966,0.14478296502176793,0.7289850017439832,0.014528542448314282,155.0,0.0
teacher_ct_all,Teacher-only CT (all patients),1.0,0.0,1.0,0.0,1.0,0.0,1.0,0.0,1.0,0.0,0.0,0.0,,,12.0,0.0
student_xray_supervised_paired,Student-only X-ray (paired cohort),0.8125,0.12499999999999999,0.625,0.25,0.5714285714285714,0.2857142857142857,0.8125,0.12499999999999999,1.0,0.0,0.25,0.5,1.0,0.0,4.0,0.0
late_fusion_paired,Late-fusion X-ray+CT,0.75,0.0,0.5,0.0,0.42857142857142855,0.0,0.75,0.0,1.0,0.0,0.0,0.0,0.6666666666666666,0.0,4.0,0.0
student_xray_same_modality_distill,Same-modality distillation,0.75,0.0,0.5,0.0,0.42857142857142855,0.0,0.75,0.0,1.0,0.0,0.0,0.0,1.0,0.0,4.0,0.0
student_xray_cross_modal_distill,Cross-modality distillation,0.75,0.0,0.5,0.0,0.42857142857142855,0.0,0.75,0.0,1.0,0.0,0.0,0.0,1.0,0.0,4.0,0.0
